{"name":"291b0765-85d4-4756-81d0-0af693aa7b2b","id":"/providers/Microsoft.Flow/flows/291b0765-85d4-4756-81d0-0af693aa7b2b","type":"Microsoft.Flow/flows","properties":{"apiId":"/providers/Microsoft.PowerApps/apis/shared_logicflows","displayName":"AlmocoListar","definition":{"metadata":{"workflowEntityId":null,"processAdvisorMetadata":null,"flowChargedByPaygo":null,"flowclientsuspensionreason":"None","flowclientsuspensiontime":null,"flowclientsuspensionreasondetails":null,"creator":{"id":"dc2ff01f-5d5e-43e5-9c9f-a20c641eb5c9","type":"User","tenantId":"b1051c4b-3b94-41ab-9441-e73a72342fdd"},"provisioningMethod":"FromDefinition","failureAlertSubscription":true,"clientLastModifiedTime":"2025-02-23T22:42:44.6226794Z","connectionKeySavedTimeKey":"2025-02-23T22:42:44.6226794Z"},"$schema":"https://schema.management.azure.com/providers/Microsoft.Logic/schemas/2016-06-01/workflowdefinition.json#","contentVersion":"1.0.0.0","parameters":{"$authentication":{"defaultValue":{},"type":"SecureObject"},"$connections":{"defaultValue":{},"type":"Object"}},"triggers":{"manual":{"metadata":{"operationMetadataId":"92512ebf-f2ff-4571-8dcc-ae6bf877c4da"},"type":"Request","kind":"Http","inputs":{"schema":{"type":"object","properties":{"funcionarios":{"type":"array","items":{"type":"object","properties":{"nome":{"type":"string"}},"required":["nome"]}}}},"triggerAuthenticationType":"All"}}},"actions":{"Listar_linhas_presentes_em_uma_tabela":{"runAfter":{},"metadata":{"014FIO6UEGHWHUC5OXWFG277UVPNFXK7XE":"/PROJETOS SESI/2025/UAE/ALMOCO/ControleAlmoco.xlsx","tableId":"{9A4101E8-1FA8-4703-9401-2F22EC6799D3}","operationMetadataId":"15550ba8-a5d6-446f-a2e7-4958c34e3c93"},"type":"OpenApiConnection","inputs":{"parameters":{"source":"me","drive":"b!lzLBgHwsrE6fm4HKAAJiHASgAoi4BEFAjN4dCAX6kVDbTg6cDv6FR7wM5c-_GOb6","file":"014FIO6UEGHWHUC5OXWFG277UVPNFXK7XE","table":"{9A4101E8-1FA8-4703-9401-2F22EC6799D3}"},"host":{"apiId":"/providers/Microsoft.PowerApps/apis/shared_excelonlinebusiness","connectionName":"shared_excelonlinebusiness","operationId":"GetItems"},"authentication":"@parameters('$authentication')"}},"Resposta":{"runAfter":{"Listar_linhas_presentes_em_uma_tabela":["Succeeded"]},"type":"Response","kind":"Http","inputs":{"statusCode":200,"body":{"funcionarios":["ABNER ULISSES BUENO DA SILVA","ADRIANA EDARGO RIBEIRO","ANA CRISTINA DINIZ","ANA LUCIA DE LIMA CAMPOS","ANA PAULA PEREIRA DE OLIVEIRA","ANA PAULA ROSA DA SILVA","CATIA DOS SANTOS ESPINA","CESAR LANA DOS SANTOS","DEBORA CARVALHO DA CRUZ","ERICA REGINA MONTEIRO DE MORAES","EVELYN FERNANDA PINHEIRO SILVA","FABIANO DA CONCEIÇÃO REGO","FANNY VALENTINI DE ALMEIDA","GABRIEL ALVES DE SOUZA DIOGO","GISLENE APARECIDA DE MOURA PEREIRA","HEIDI PIACENTIN","JESSICA MARIA TENÓRIO","JOÃO LUIZ DE ALMEIDA JÚNIOR","LIGIA MESSIAS ESTEVAM DA SILVA","LUANA BERLOTTI ODASHIMA","MARCELE SALOMON ZIMIANO","MARCOS FREITAS DE OLIVEIRA","MARIA SILVANIA DOS SANTOS GONÇALVES","MATHEUS RODRIGUES DE ALMEIDA","MILENA DE OLIVEIRA BOLSONI","MONICA CATARINA MARIANO","NATALIA FLORES DE FARIAS","OSMAR SILVA LEITE","PATRICIA BEATRIZ CORAZZA MACIEL DE ABREU","PATRICIA LIGRAMANTE PITA","PATRICIA LUNARDI","PATRÍCIA REIS BOATTINI","RENATA GARCIA DOS SANTOS BARBOSA","RICARDO RODRIGUES DOS SANTOS","SILVIA REGINA CAPUA","SHIRLEI DE MORAIS MARCONDES","VALTER VICCO DA SILVA"]}}}},"outputs":{}},"connectionReferences":{"shared_excelonlinebusiness":{"connectionName":"shared-excelonlinebu-2131bc06-f63b-486b-b905-4b9c8c5ae6a8","source":"Embedded","id":"/providers/Microsoft.PowerApps/apis/shared_excelonlinebusiness","tier":"NotSpecified","apiName":"excelonlinebusiness"}},"flowFailureAlertSubscribed":false,"isManaged":false}}