{"name":"bd9e6e8a-2bc8-4f0f-b568-0348cd397bf8","id":"/providers/Microsoft.Flow/flows/bd9e6e8a-2bc8-4f0f-b568-0348cd397bf8","type":"Microsoft.Flow/flows","properties":{"apiId":"/providers/Microsoft.PowerApps/apis/shared_logicflows","displayName":"AlmocoEnviar","definition":{"metadata":{"workflowEntityId":null,"processAdvisorMetadata":null,"flowChargedByPaygo":null,"flowclientsuspensionreason":"None","flowclientsuspensiontime":null,"flowclientsuspensionreasondetails":null,"creator":{"id":"dc2ff01f-5d5e-43e5-9c9f-a20c641eb5c9","type":"User","tenantId":"b1051c4b-3b94-41ab-9441-e73a72342fdd"},"provisioningMethod":"FromDefinition","failureAlertSubscription":true,"clientLastModifiedTime":"2025-02-23T14:41:41.6224263Z","connectionKeySavedTimeKey":"2025-02-23T14:41:41.6224263Z"},"$schema":"https://schema.management.azure.com/providers/Microsoft.Logic/schemas/2016-06-01/workflowdefinition.json#","contentVersion":"1.0.0.0","parameters":{"$authentication":{"defaultValue":{},"type":"SecureObject"},"$connections":{"defaultValue":{},"type":"Object"}},"triggers":{"manual":{"metadata":{"operationMetadataId":"59d2702b-01b4-4337-8e80-1276fc0395af"},"type":"Request","kind":"Http","inputs":{"schema":{"funcionario":"string","segunda":"string","terca":"string","quarta":"string","quinta":"string","sexta":"string"},"triggerAuthenticationType":"All"}}},"actions":{"Resposta":{"runAfter":{"Adicionar_uma_nova_linha":["Succeeded"]},"metadata":{"operationMetadataId":"7d513a1c-068e-4976-ad79-589b7ed59731"},"type":"Response","kind":"Http","inputs":{"statusCode":200,"body":{"status":"success","message":"Dados recebidos com sucesso!"}}},"Adicionar_uma_nova_linha":{"runAfter":{},"metadata":{"flowSystemMetadata":{"portalOperationIconOverride":"https://conn-afd-prod-endpoint-bmc9bqahasf3grgk.b01.azurefd.net/releases/v1.0.1718/1.0.1718.3946/excelonlinebusiness/icon.png","portalOperationBrandColorOverride":"#107C41","portalOperationId":"/providers/Microsoft.PowerApps/apis/shared_excelonlinebusiness/apiOperations/AddRowV2"},"014FIO6UEGHWHUC5OXWFG277UVPNFXK7XE":"/PROJETOS SESI/2025/UAE/ALMOCO/ControleAlmoco.xlsx","tableId":"{89E84845-407B-4D03-958A-4CC4559C5687}","operationMetadataId":"4e6881de-2b60-453d-98e1-05a1efda2c78"},"type":"OpenApiConnection","inputs":{"parameters":{"source":"me","drive":"b!lzLBgHwsrE6fm4HKAAJiHASgAoi4BEFAjN4dCAX6kVDbTg6cDv6FR7wM5c-_GOb6","file":"014FIO6UEGHWHUC5OXWFG277UVPNFXK7XE","table":"{89E84845-407B-4D03-958A-4CC4559C5687}","item/Funcionário":"@triggerBody()?['funcionario']","item/2ª Feira":"@triggerBody()?['segunda']","item/3ª Feira":"@triggerBody()?['terca']","item/4ª Feira":"@triggerBody()?['quarta']","item/5ª Feira":"@triggerBody()?['quinta']","item/6ª Feira":"@triggerBody()?['sexta']"},"host":{"apiId":"/providers/Microsoft.PowerApps/apis/shared_excelonlinebusiness","connectionName":"shared_excelonlinebusiness","operationId":"AddRowV2"},"authentication":"@parameters('$authentication')"}}},"outputs":{},"description":""},"connectionReferences":{"shared_excelonlinebusiness":{"connectionName":"shared-excelonlinebu-2131bc06-f63b-486b-b905-4b9c8c5ae6a8","source":"Embedded","id":"/providers/Microsoft.PowerApps/apis/shared_excelonlinebusiness","tier":"NotSpecified","apiName":"excelonlinebusiness"}},"flowFailureAlertSubscribed":false,"isManaged":false}}